{"mean": [26.491629060114768, 82.37600241356041], "scale": [19.452644302044728, 19.7303062453049]}